site_id,date,newt_count,latitude_pipe,longitude_pipe
2,2/14/23,0,35.935725,-83.939876
2,2/14/23,0,35.93572597,-83.93981172
2,2/14/23,0,35.93567636,-83.93984614
2,2/14/23,0,35.93563893,-83.93987835
2,2/14/23,0,35.93569899,-83.9399254
2,2/14/23,0,35.93568513,-83.93989583
2,2/14/23,0,35.93572303,-83.93985709
2,2/14/23,0,35.93563621,-83.93998654
2,2/14/23,0,35.93560314,-83.94003105
2,2/14/23,0,35.93561056,-83.94001536
2,2/14/23,0,35.93567074,-83.94005176
2,2/14/23,0,35.93573685,-83.94006577
2,2/14/23,0,35.93579016,-83.93992371
2,2/14/23,0,35.93565015,-83.94010722
2,2/14/23,0,35.93577252,-83.94000293
2,2/14/23,0,35.93567353,-83.9399653
10,2/21/23,1,35.95778035,-83.8693337
10,2/21/23,0,35.95781132,-83.86929204
10,2/21/23,0,35.95782255,-83.86928667
10,2/21/23,1,35.95782531,-83.86935197
10,2/21/23,2,35.95788927,-83.86926019
10,2/21/23,1,35.9578096,-83.86921979
7,2/22/23,1,35.95671231,-83.86832271
7,2/22/23,1,35.95671221,-83.86832025
7,2/22/23,0,35.95665935,-83.86825305
7,2/22/23,1,35.95669518,-83.86823114
7,2/22/23,2,35.95683755,-83.86818579
7,2/22/23,1,35.95671547,-83.86812538
7,2/22/23,0,35.95676895,-83.86816929
15,3/7/23,0,35.93329679,-83.87676863
15,3/7/23,1,35.93325434,-83.87684921
15,3/7/23,1,35.93320485,-83.87687079
15,3/7/23,1,35.93319326,-83.87687488
15,3/7/23,1,35.93317619,-83.8769446
15,3/7/23,0,35.93317935,-83.87695592
15,3/7/23,0,35.93320045,-83.87712018
15,3/7/23,0,35.93332783,-83.87711011
15,3/7/23,0,35.93338256,-83.87702394
15,3/7/23,0,35.93318916,-83.87731241
15,3/7/23,0,35.93317199,-83.87726091
15,3/7/23,0,35.9330794,-83.87727629
15,3/7/23,0,35.93318165,-83.87740458
15,3/7/23,0,35.9332581,-83.87734055
15,3/7/23,0,35.93336313,-83.8766601
15,3/7/23,1,35.93334822,-83.87658448
2,3/21/23,1,35.9357618,-83.93991251
2,3/21/23,1,35.93567245,-83.9399198
2,3/21/23,0,35.93572739,-83.93992156
2,3/21/23,0,35.93569772,-83.94001091
2,3/21/23,0,35.9357263,-83.93998836
2,3/21/23,0,35.93574236,-83.93990004
2,3/21/23,0,35.93558234,-83.94002792
2,3/21/23,0,35.93562677,-83.93986084
2,3/21/23,0,35.93563328,-83.9399011
2,3/21/23,0,35.93564338,-83.93982367
2,3/21/23,0,35.93554412,-83.93987571
2,3/21/23,0,35.93555653,-83.93986347
2,3/21/23,0,35.9360195,-83.93987956
2,3/21/23,0,35.93562476,-83.93983016
2,3/21/23,0,35.93553139,-83.94007976
2,3/21/23,0,35.93560254,-83.93996498
7,3/28/23,0,35.95683223,-83.86821128
7,3/28/23,0,35.95674912,-83.86818269
7,3/28/23,1,35.95667117,-83.86808714
7,3/28/23,1,35.95679215,-83.86809814
7,3/28/23,0,35.95664586,-83.86824731
7,3/28/23,0,35.95683223,-83.86821128
7,3/28/23,0,35.95674912,-83.86818269
7,3/28/23,1,35.95667117,-83.86808714
7,3/28/23,0,35.95666677,-83.8682158
7,3/28/23,0,35.95670743,-83.86833806
7,3/28/23,0,35.95672105,-83.86828986
7,3/28/23,0,35.95674496,-83.86833353
7,3/28/23,0,35.95671042,-83.86825807
7,3/28/23,0,35.95673144,-83.86827767
7,3/28/23,0,35.95677055,-83.86828499
7,3/28/23,0,35.95683223,-83.86821128
7,3/28/23,0,35.95674912,-83.86818269
7,3/28/23,1,35.95667117,-83.86808714
15,4/12/23,0,35.93326673,-83.87727322
15,4/12/23,0,35.93319341,-83.87729901
15,4/12/23,0,35.93322134,-83.8772561
15,4/12/23,0,35.93325709,-83.87736939
15,4/12/23,0,35.93328107,-83.87743889
15,4/12/23,0,35.93329816,-83.87742239
15,4/12/23,0,35.93328883,-83.87738453
15,4/12/23,1,35.93334028,-83.87749747
15,4/12/23,0,35.93335885,-83.87741313
15,4/12/23,0,35.93328412,-83.8771487
15,4/12/23,0,35.93324469,-83.87714051
15,4/12/23,0,35.93328309,-83.87717165
15,4/12/23,0,35.93326497,-83.87733273
15,4/12/23,0,35.93325854,-83.87731362
15,4/12/23,0,35.93329259,-83.87726524
15,4/12/23,1,35.93325207,-83.87737481
15,4/12/23,0,35.93327468,-83.87703753
15,4/12/23,0,35.93327908,-83.87707153
15,4/12/23,0,35.93344856,-83.87696207
15,4/12/23,0,35.93340954,-83.87697372
15,4/12/23,0,35.93347513,-83.87696919
15,4/12/23,0,35.93340552,-83.8768925
15,4/12/23,0,35.9334292,-83.87685956
15,4/12/23,0,35.93350003,-83.87679325
15,4/12/23,0,35.93342572,-83.87670357
15,4/12/23,0,35.93346574,-83.87671363
15,4/12/23,0,35.93340489,-83.87678278
15,4/12/23,0,35.93347333,-83.87656485
15,4/12/23,0,35.93347966,-83.87656493
15,4/12/23,0,35.9333017,-83.87689887
15,4/12/23,0,35.9332984,-83.87684762
15,4/12/23,0,35.93325961,-83.87684203
15,4/12/23,0,35.93328365,-83.87675087
15,4/12/23,0,35.93339792,-83.87667349
15,4/12/23,0,35.93323069,-83.87689373
15,4/12/23,0,35.93324973,-83.87696061
15,4/12/23,0,35.93327128,-83.8769135
15,4/12/23,0,35.93326771,-83.87695541
2,4/25/23,0,35.93566256,-83.94004505
2,4/25/23,0,35.93565753,-83.94002181
2,4/25/23,0,35.93564927,-83.93985001
2,4/25/23,0,35.93568745,-83.93989943
2,4/25/23,0,35.93566939,-83.93989474
2,4/25/23,0,35.93562783,-83.9397566
2,4/25/23,0,35.93561608,-83.93973233
2,4/25/23,0,35.93574223,-83.93998677
2,4/25/23,0,35.93575015,-83.93997864
2,4/25/23,0,35.93575375,-83.93999205
2,4/25/23,0,35.93550315,-83.93997846
2,4/25/23,0,35.93562487,-83.94016851
2,4/25/23,0,35.93569784,-83.93995488
2,4/25/23,0,35.93564347,-83.93983352
2,4/25/23,1,35.9356502,-83.93994036
2,4/25/23,0,35.93559269,-83.93976215
2,4/25/23,0,35.93560496,-83.93988523
2,4/25/23,0,35.93570882,-83.9400462
2,4/25/23,0,35.93571532,-83.94006346
7,5/2/23,0,35.95681773,-83.86817439
7,5/2/23,0,35.95660336,-83.86819258
7,5/2/23,0,35.95675642,-83.86815912
7,5/2/23,0,35.95670126,-83.86813827
7,5/2/23,0,35.95676572,-83.8683101
7,5/2/23,0,35.95671323,-83.86823085
7,5/2/23,0,35.95676417,-83.86841127
7,5/2/23,1,35.95671874,-83.86837439
7,5/2/23,0,35.95676316,-83.86833868
7,5/2/23,0,35.95672265,-83.86818549
7,5/2/23,0,35.95674462,-83.86818541
7,5/2/23,0,35.95675772,-83.86815574
7,5/2/23,0,35.95680732,-83.86827553
7,5/2/23,0,35.95688304,-83.86841192
15,5/19/23,0,35.93340041,-83.87659024
15,5/19/23,0,35.93342371,-83.8765962
15,5/19/23,0,35.93338978,-83.87664355
15,5/19/23,0,35.93327175,-83.87692213
15,5/19/23,1,35.93329709,-83.87675925
15,5/19/23,0,35.93326943,-83.8769038
15,5/19/23,1,35.93329078,-83.87688644
15,5/19/23,0,35.93323487,-83.87697367
15,5/19/23,0,35.93328324,-83.87696337
15,5/19/23,2,35.93328347,-83.87700207
15,5/19/23,0,35.93326443,-83.87705963
15,5/19/23,0,35.9332827,-83.87701489
15,5/19/23,0,35.93336345,-83.87676
15,5/19/23,0,35.93332696,-83.87690541
15,5/19/23,0,35.93332393,-83.87686646
15,5/19/23,0,35.93331144,-83.87686923
15,5/19/23,1,35.93332432,-83.87701681
2,5/31/23,0,35.93573733,-83.93999392
2,5/31/23,0,35.93564389,-83.93985915
2,5/31/23,0,35.93558695,-83.94001812
2,5/31/23,0,35.93557643,-83.93999322
2,5/31/23,0,35.93558972,-83.9400638
2,5/31/23,0,35.93553581,-83.93992797
2,5/31/23,0,35.93578265,-83.93953447
2,5/31/23,0,35.93560782,-83.93980614
2,5/31/23,0,35.93559579,-83.93983925
2,5/31/23,0,35.93559925,-83.93986412
2,5/31/23,0,35.93564294,-83.93982986
2,5/31/23,0,35.93575005,-83.94003853
2,5/31/23,0,35.93572107,-83.93999047
2,5/31/23,0,35.93563714,-83.93984211
2,5/31/23,1,35.93559772,-83.93986678
2,5/31/23,0,35.93559881,-83.93993237
7,6/6/23,0,35.95673847,-83.86836542
7,6/6/23,1,35.9566937,-83.86828442
7,6/6/23,0,35.95668458,-83.86819694
7,6/6/23,0,35.9567,-83.86829803
7,6/6/23,0,35.95677412,-83.86804383
7,6/6/23,1,35.95667196,-83.86820323
7,6/6/23,2,35.95669703,-83.86824581
7,6/6/23,0,35.9566039,-83.86820591
15,6/14/23,2,35.93332363,-83.87672234
15,6/14/23,0,35.93344663,-83.87665621
15,6/14/23,0,35.9333942,-83.87677532
15,6/14/23,1,35.93330691,-83.8770111
15,6/14/23,2,35.93323904,-83.87703626
15,6/14/23,3,35.93342358,-83.87691747
2,7/11/23,0,35.93563502,-83.93983925
2,7/11/23,0,35.93564458,-83.93982466
2,7/11/23,0,35.9356954,-83.93980419
2,7/11/23,0,35.93567588,-83.93986517
2,7/11/23,0,35.93576419,-83.93993572
2,7/11/23,0,35.93574076,-83.93993706
2,7/11/23,0,35.9357566,-83.9399923
2,7/11/23,0,35.93575275,-83.93990991
2,7/11/23,0,35.9357224,-83.93977052
2,7/11/23,0,35.93569931,-83.93986724
2,7/11/23,0,35.9357066,-83.93984805
2,7/11/23,0,35.93557249,-83.93993195
2,7/11/23,0,35.9356455,-83.939983
2,7/11/23,0,35.93573577,-83.93987747
2,7/11/23,0,35.93562429,-83.9398369
2,7/11/23,0,35.93562333,-83.93988325
7,7/19/23,0,35.95671446,-83.86826165
7,7/19/23,1,35.95679897,-83.86829008
7,7/19/23,0,35.95680113,-83.86815562
7,7/19/23,0,35.95658974,-83.86809628
7,7/19/23,0,35.956721,-83.86831278
7,7/19/23,0,35.95665914,-83.86841546
15,8/1/23,0,35.93329612,-83.87704862
15,8/1/23,0,35.93331513,-83.87697971
15,8/1/23,2,35.93329678,-83.87698237
15,8/1/23,0,35.93323738,-83.87684765
15,8/1/23,0,35.93329303,-83.8766107
15,8/1/23,0,35.93327271,-83.87680775
15,8/1/23,0,35.93341813,-83.8768759
15,8/1/23,0,35.93338008,-83.87683491
15,8/1/23,0,35.93326296,-83.87697922
15,8/1/23,0,35.93330544,-83.87693768
15,8/1/23,1,35.93328959,-83.87697432
2,8/8/23,0,35.93562756,-83.93997855
2,8/8/23,0,35.93559395,-83.93988778
2,8/8/23,0,35.93566109,-83.93983849
2,8/8/23,0,35.93563649,-83.93987638
2,8/8/23,0,35.93565811,-83.93987873
2,8/8/23,0,35.9356276,-83.93986314
2,8/8/23,0,35.93561746,-83.93982475
2,8/8/23,0,35.9357224,-83.93990295
2,8/8/23,0,35.93558758,-83.94002457
2,8/8/23,0,35.93545313,-83.9397193
2,8/8/23,0,35.93577722,-83.94000177
2,8/8/23,0,35.93576737,-83.94000026
2,8/8/23,0,35.93561423,-83.9399296
7,8/17/23,2,35.95677993,-83.86819006
7,8/17/23,3,35.95682385,-83.868195
7,8/17/23,0,35.95676528,-83.86824761
7,8/17/23,0,35.95671428,-83.86828502
7,8/17/23,0,35.95674659,-83.8684275
7,8/17/23,0,35.95671536,-83.86826045
7,8/17/23,0,35.95662521,-83.86832809
7,8/17/23,2,35.95679863,-83.86820305
7,8/17/23,0,35.95660692,-83.86839074
7,8/17/23,0,35.95676612,-83.86820265
7,8/17/23,0,35.95662179,-83.86830811
15,8/31/23,1,35.93339922,-83.87669014
15,8/31/23,0,35.93343099,-83.87667002
15,8/31/23,0,35.93344748,-83.87669296
15,8/31/23,0,35.93335114,-83.87683265
15,8/31/23,0,35.93336721,-83.87687454
15,8/31/23,0,35.93328685,-83.87698643
15,8/31/23,0,35.93345652,-83.87673282
15,8/31/23,1,35.93336646,-83.87678378
15,8/31/23,2,35.93334027,-83.87684313
15,8/31/23,0,35.93338117,-83.87694773
15,8/31/23,0,35.93320926,-83.87694748
15,8/31/23,1,35.93329479,-83.87704178
2,9/12/23,0,35.93563523,-83.94006271
2,9/12/23,0,35.93566641,-83.93980346
2,9/12/23,0,35.93558553,-83.94001711
2,9/12/23,0,35.93565937,-83.93986691
2,9/12/23,0,35.93563603,-83.9398312
2,9/12/23,0,35.9357356,-83.93999701
2,9/12/23,0,35.93561197,-83.93987345
2,9/12/23,0,35.93574109,-83.93999498
2,9/12/23,0,35.93573904,-83.94000442
2,9/12/23,0,35.93579248,-83.94003932
2,9/12/23,0,35.93568707,-83.93988032
2,9/12/23,0,35.93570669,-83.9398927
2,9/12/23,0,35.93563228,-83.939843
7,9/20/23,0,35.95671986,-83.86830941
7,9/20/23,0,35.95683721,-83.86828321
7,9/20/23,1,35.95675472,-83.86815606
7,9/20/23,2,35.95680091,-83.86808585
7,9/20/23,0,35.95682653,-83.86820347
7,9/20/23,0,35.95669295,-83.86838291
7,9/20/23,0,35.95682979,-83.86801041
7,9/20/23,0,35.95670013,-83.86817622
15,10/2/23,0,35.9334085,-83.87672358
15,10/2/23,0,35.9334292,-83.87679613
15,10/2/23,1,35.93330635,-83.87698935
15,10/2/23,1,35.93333378,-83.87698244
15,10/2/23,0,35.93333032,-83.87701612
15,10/2/23,0,35.93349646,-83.87655579
15,10/2/23,0,35.93351976,-83.87668991
15,10/2/23,0,35.93333264,-83.87682737
15,10/2/23,0,35.93325112,-83.87684489
15,10/2/23,0,35.93328465,-83.87692097
15,10/2/23,0,35.93336601,-83.87685314
15,10/2/23,1,35.93328094,-83.8769145
15,10/2/23,1,35.93334913,-83.87689981
2,10/17/23,0,35.93576427,-83.93990865
2,10/17/23,0,35.93570132,-83.93983187
2,10/17/23,0,35.93578569,-83.9397152
2,10/17/23,0,35.93574156,-83.9398167
2,10/17/23,0,35.9356406,-83.93976021
2,10/17/23,0,35.93581699,-83.93978661
2,10/17/23,0,35.93562542,-83.94007143
2,10/17/23,0,35.93562895,-83.94006372
2,10/17/23,0,35.93580953,-83.93991938
2,10/17/23,0,35.93569122,-83.93987537
2,10/17/23,0,35.93582093,-83.93995224
2,10/17/23,0,35.93573954,-83.93999825
15,10/25/23,0,35.93340729,-83.87661195
15,10/25/23,0,35.93338205,-83.87658429
15,10/25/23,0,35.93337113,-83.87671549
15,10/25/23,1,35.93337675,-83.87670335
15,10/25/23,1,35.93343161,-83.87667484
15,10/25/23,0,35.93335979,-83.87668613
15,10/25/23,0,35.93331546,-83.87680675
15,10/25/23,0,35.93334211,-83.87675269
15,10/25/23,2,35.93336319,-83.87683064
15,10/25/23,0,35.93332971,-83.87681396
15,10/25/23,0,35.93335493,-83.87684849
15,10/25/23,0,35.93333968,-83.8768588
15,10/25/23,0,35.93332814,-83.87685944
15,10/25/23,0,35.93335075,-83.87695444
15,10/25/23,3,35.93334059,-83.87683441
15,10/25/23,0,35.93336401,-83.8768505
7,11/8/23,0,35.95672438,-83.86823685
7,11/8/23,0,35.95670692,-83.8682976
7,11/8/23,0,35.95682737,-83.86826036
7,11/8/23,0,35.95672548,-83.8679946
7,11/8/23,0,35.95678893,-83.86824438
7,11/8/23,0,35.95683654,-83.86824656
7,11/8/23,0,35.95670523,-83.86832685
7,11/8/23,0,35.9566874,-83.8683705
7,11/8/23,0,35.95675627,-83.86817327
7,11/8/23,0,35.95663182,-83.86811421
7,11/8/23,0,35.95677267,-83.86816702
7,11/8/23,0,35.95665013,-83.86819485
7,11/8/23,0,35.95672674,-83.86820348
15,2/14/24,1,35.93339018,-83.87703591
15,2/14/24,2,35.93325511,-83.87688336
15,2/14/24,0,35.93327376,-83.87682938
15,2/14/24,0,35.93305696,-83.87727094
15,2/14/24,2,35.93325263,-83.87736549
15,2/14/24,0,35.93343381,-83.8775835
15,2/14/24,0,35.93338042,-83.87743112
15,2/14/24,0,35.93312598,-83.87717991
15,2/14/24,0,35.93339612,-83.87716533
15,2/14/24,1,35.93324023,-83.8770106
15,2/14/24,1,35.93343197,-83.87712535
15,2/14/24,1,35.93314987,-83.87722601
15,2/14/24,0,35.93329106,-83.87692091
15,2/14/24,0,35.93353632,-83.87672159
15,2/14/24,1,35.93336277,-83.87676023
15,2/14/24,0,35.93341315,-83.87672153
15,2/14/24,1,35.93346641,-83.87662604
15,2/14/24,1,35.93332525,-83.87668516
15,2/14/24,0,35.9333388,-83.87665126
15,2/14/24,0,35.93336575,-83.87674841
15,2/14/24,0,35.93330448,-83.87674053
15,2/14/24,2,35.93328105,-83.87676199
15,2/14/24,0,35.93324719,-83.87669058
15,2/14/24,1,35.9332365,-83.8768158
15,2/14/24,1,35.93325117,-83.87709768
15,2/14/24,1,35.93318227,-83.8770629
15,2/14/24,0,35.93355937,-83.87703021
15,2/14/24,1,35.93334056,-83.87687464
15,2/14/24,1,35.9331435,-83.87721453
15,2/14/24,0,35.93307812,-83.87736423
15,2/14/24,2,35.93315754,-83.87735141
15,2/14/24,0,35.93312527,-83.87720816
7,2/21/24,1,35.95680662,-83.86823718
7,2/21/24,0,35.95675863,-83.86826777
7,2/21/24,0,35.95676525,-83.86832217
7,2/21/24,1,35.95671056,-83.86833425
7,2/21/24,0,35.95670455,-83.86831715
7,2/21/24,2,35.95672068,-83.86834804
7,2/21/24,0,35.95671383,-83.86822871
7,2/21/24,0,35.95678615,-83.86812383
7,2/21/24,1,35.95672536,-83.86813559
7,2/21/24,0,35.95673026,-83.86821697
7,2/21/24,0,35.95675805,-83.86819636
7,2/21/24,0,35.95672091,-83.86836508
7,4/1/24,0,35.95657339,-83.86820875
7,4/1/24,0,35.95663409,-83.86830469
7,4/1/24,0,35.95673465,-83.86834866
7,4/1/24,0,35.95667306,-83.86833088
7,4/1/24,0,35.95657903,-83.86827782
7,4/1/24,0,35.95671196,-83.86834225
7,4/1/24,0,35.95673013,-83.86827941
7,4/1/24,0,35.95672831,-83.86818009
7,4/1/24,0,35.95676684,-83.86828417
7,4/1/24,1,35.95682933,-83.86811555
7,4/1/24,0,35.95673867,-83.86807742
7,4/1/24,1,35.956703,-83.86831293
7,4/1/24,0,35.95680218,-83.86822301
7,4/1/24,2,35.9566453,-83.86821276
7,4/1/24,0,35.95673483,-83.86813827
7,4/1/24,1,35.95679159,-83.86814801
15,4/3/24,0,35.93333288,-83.87663773
15,4/3/24,1,35.93329779,-83.8766477
15,4/3/24,0,35.93330044,-83.87667291
15,4/3/24,0,35.93323467,-83.87681102
15,4/3/24,0,35.93320074,-83.87686236
15,4/3/24,0,35.93321958,-83.87691619
15,4/3/24,0,35.93317669,-83.87697555
15,4/3/24,2,35.9332144,-83.87707052
15,4/3/24,1,35.93320674,-83.87716781
15,4/3/24,0,35.93323021,-83.8774362
15,4/3/24,0,35.93328012,-83.8774916
15,4/3/24,1,35.93339414,-83.87744677
15,4/3/24,0,35.933387,-83.87749987
15,4/3/24,1,35.93346676,-83.87759323
15,4/3/24,1,35.93343885,-83.87748459
15,4/3/24,0,35.93334165,-83.87723096
15,4/3/24,1,35.93328248,-83.8770089
15,4/3/24,0,35.93338722,-83.87707603
15,4/3/24,0,35.93337157,-83.87700851
15,4/3/24,0,35.93336931,-83.8769619
15,4/3/24,0,35.93341138,-83.87693577
15,4/3/24,2,35.93341612,-83.87688126
15,4/3/24,1,35.93339935,-83.87684432
15,4/3/24,0,35.93345639,-83.87682194
15,4/3/24,0,35.93354625,-83.87660961
15,4/3/24,0,35.9334743,-83.8765842
15,4/3/24,0,35.9334063,-83.87669697
15,4/3/24,0,35.93329657,-83.87722124
15,4/3/24,0,35.93328972,-83.87729499
15,4/3/24,0,35.9332863,-83.87724321
15,4/3/24,0,35.93329417,-83.87734554
15,4/3/24,0,35.93334778,-83.87741382
15,4/3/24,0,35.93339009,-83.87752628
15,4/3/24,0,35.93338522,-83.8774475
15,4/3/24,2,35.93316969,-83.87733936
15,4/3/24,1,35.9331745,-83.87735398
15,4/3/24,0,35.9331425,-83.87731972
15,4/3/24,0,35.93314225,-83.87726107
15,5/23/24,1,35.93593282,-83.9394491
15,5/23/24,0,35.93588833,-83.93942647
15,5/23/24,1,35.93584335,-83.93946126
15,5/23/24,1,35.93593282,-83.9394491
15,5/23/24,0,35.93588833,-83.93942647
15,5/23/24,0,35.93537754,-83.9394964
15,5/23/24,0,35.93510843,-83.93947026
15,5/23/24,2,35.93537754,-83.9394964
15,5/23/24,2,35.93537754,-83.9394964
15,5/23/24,0,35.9354622,-83.93928242
15,5/23/24,0,35.93553354,-83.93942659
15,5/23/24,1,35.93460654,-83.93942322
15,5/23/24,0,35.93565135,-83.93911439
15,5/23/24,0,35.93664605,-83.93871176
15,5/23/24,0,35.9354622,-83.93928242
15,5/23/24,0,35.9354622,-83.93928242
15,5/23/24,0,35.93445536,-83.9387223
15,5/23/24,0,35.93445536,-83.9387223
15,5/23/24,0,35.93414782,-83.93890739
15,5/23/24,0,35.93266312,-83.93864051
15,5/23/24,0,35.93266312,-83.93864051
15,5/23/24,1,35.93266312,-83.93864051
15,5/23/24,0,35.93263575,-83.93865178
15,5/23/24,0,35.93263575,-83.93865178
15,5/23/24,1,35.93263575,-83.93865178
15,5/23/24,0,35.93263575,-83.93865178
15,5/23/24,2,35.93246128,-83.93865178
15,5/23/24,0,35.93246128,-83.93865178
15,5/23/24,2,35.93247268,-83.93866445
15,5/23/24,3,35.9354622,-83.93928242
15,5/23/24,1,35.93532529,-83.93934389
15,5/23/24,0,35.9354622,-83.93928242
15,5/23/24,1,35.93563177,-83.93927587
15,5/23/24,2,35.93563177,-83.93927587
15,5/23/24,2,35.93561682,-83.93927587
15,5/23/24,0,35.93600143,-83.9393407
15,5/23/24,2,35.93663237,-83.93934709
15,5/23/24,1,35.93713137,-83.93928846
15,5/23/24,0,35.93336517,-83.87665846
15,5/23/24,0,35.93495962,-83.93948289
15,5/23/24,0,35.93468459,-83.93940333
15,5/23/24,1,35.93468459,-83.93940333
15,5/23/24,0,35.93461645,-83.93940945
7,6/12/24,4,35.95696023,-83.86814537
7,6/12/24,1,35.95686184,-83.86815594
7,6/12/24,2,35.95677321,-83.86823422
7,6/12/24,0,35.95677321,-83.86823422
7,6/12/24,2,35.95677321,-83.86823422
7,6/12/24,1,35.95677321,-83.86823422
7,6/12/24,1,35.95673648,-83.86822342
7,6/12/24,0,35.95673648,-83.86822342
7,6/12/24,2,35.95632211,-83.86809628
7,6/12/24,1,35.95673648,-83.86822342
7,6/12/24,1,35.95673648,-83.86822342
7,6/12/24,1,35.95673648,-83.86822342
7,7/17/24,0,35.95675256,-83.86834974
7,7/17/24,0,35.95679497,-83.86831504
7,7/17/24,0,35.95665592,-83.86827147
7,7/17/24,1,35.95682569,-83.86815545
7,7/17/24,1,35.95683777,-83.86815038
7,7/17/24,0,35.95670494,-83.86815908
7,7/17/24,1,35.95685046,-83.86824841
7,7/17/24,0,35.95668118,-83.86826382
7,7/17/24,0,35.95667387,-83.86823244
7,7/17/24,0,35.95672311,-83.86833647
15,7/30/24,0,35.93315683,-83.87720786
15,7/30/24,0,35.93319428,-83.87695398
15,7/30/24,0,35.93324181,-83.87697173
15,7/30/24,0,35.93318853,-83.87691279
15,7/30/24,0,35.93321885,-83.87682634
15,7/30/24,0,35.93322628,-83.87679436
15,7/30/24,0,35.93326731,-83.87680587
15,7/30/24,0,35.9332827,-83.87673802
15,7/30/24,0,35.93327809,-83.87667511
15,7/30/24,1,35.93326424,-83.87667865
15,7/30/24,0,35.93315261,-83.87723335
15,7/30/24,0,35.93317197,-83.87725446
15,7/30/24,0,35.93311519,-83.87724859
15,7/30/24,0,35.93319691,-83.87696872
15,7/30/24,0,35.93344796,-83.87657975
15,7/30/24,0,35.93343735,-83.87679879
15,7/30/24,0,35.93344869,-83.87677278
15,7/30/24,0,35.93340326,-83.87685452
15,7/30/24,0,35.93340838,-83.87705597
15,7/30/24,1,35.93337635,-83.87711816
15,7/30/24,1,35.93330919,-83.87713414
15,7/30/24,0,35.93332671,-83.87717787
15,7/30/24,0,35.93323206,-83.87714798
15,7/30/24,0,35.93334194,-83.87664394
15,7/30/24,0,35.93332115,-83.87663437
15,7/30/24,0,35.93327346,-83.87662084
15,7/30/24,0,35.93339356,-83.87670624
15,7/30/24,0,35.93314542,-83.87728519
15,7/30/24,0,35.93231755,-83.87843502
15,7/30/24,0,35.93315234,-83.87736331
15,7/30/24,0,35.93321881,-83.87741175
15,7/30/24,3,35.93323001,-83.87743717
15,7/30/24,0,35.9332993,-83.87750629
15,7/30/24,0,35.93340702,-83.87753309
15,7/30/24,0,35.93338041,-83.87736005
15,7/30/24,0,35.93330189,-83.87722748
15,7/30/24,0,35.93331847,-83.87730293
15,7/30/24,0,35.9332531,-83.87726067
15,7/30/24,0,35.93320497,-83.87734551
15,7/30/24,1,35.93333176,-83.87713322
15,7/30/24,1,35.93334463,-83.8770869
15,7/30/24,0,35.93315327,-83.87735618
15,7/30/24,0,35.93325836,-83.87718108
15,7/30/24,0,35.93323826,-83.87710623
15,7/30/24,1,35.93325071,-83.87708352
7,9/2/24,0,35.95672582,-83.8680889
7,9/2/24,0,35.95692812,-83.86819736
7,9/2/24,0,35.95675423,-83.86819644
7,9/2/24,1,35.95671693,-83.86827139
7,9/2/24,0,35.95669183,-83.86830809
7,9/2/24,0,35.9567697,-83.86833625
7,9/2/24,0,35.95665755,-83.86834857
7,9/2/24,0,35.95660512,-83.86830884
7,9/2/24,0,35.95675145,-83.86830001
7,9/2/24,0,35.95674669,-83.86831152
7,9/2/24,0,35.95681027,-83.8681205
7,9/2/24,0,35.95683108,-83.8681902
15,9/11/24,2,35.93333821,-83.87692091
15,9/11/24,0,35.93348301,-83.87667884
15,9/11/24,0,35.93331454,-83.87698311
15,9/11/24,0,35.93318679,-83.87668152
15,9/11/24,0,35.92632744,-83.87314421
15,9/11/24,1,35.93338114,-83.8768384
15,9/11/24,0,35.93347798,-83.87678948
15,9/11/24,0,35.93343268,-83.87678588
15,9/11/24,0,35.93341464,-83.87673761
7,10/3/24,0,35.95670647,-83.86820263
7,10/3/24,0,35.95672854,-83.86826333
7,10/3/24,1,35.9568175,-83.8682381
7,10/3/24,0,35.95668999,-83.86818429
7,10/3/24,3,35.95669167,-83.86829404
7,10/3/24,0,35.95671073,-83.86833549
7,10/3/24,3,35.95666823,-83.86834849
7,10/3/24,1,35.95666262,-83.86843155
7,10/3/24,1,35.95665223,-83.86837053
7,10/3/24,1,35.95663978,-83.86838193
7,10/3/24,1,35.9566697,-83.86833533
7,10/3/24,0,35.95670376,-83.8683922
7,10/3/24,0,35.95672888,-83.86831244
7,10/3/24,0,35.95673417,-83.86813715
7,10/3/24,0,35.95674676,-83.86817204
7,10/3/24,0,35.95678353,-83.86820636
7,10/3/24,0,35.95677803,-83.86827722
15,10/17/24,0,35.93335329,-83.876861
15,10/17/24,4,35.93328572,-83.87687058
15,10/17/24,1,35.93323815,-83.87691722
15,10/17/24,3,35.93334314,-83.8768175
15,10/17/24,3,35.93330966,-83.87682368
15,10/17/24,1,35.93326634,-83.87686053
15,10/17/24,1,35.93324548,-83.87695219
15,10/17/24,2,35.93321805,-83.87692595
15,10/17/24,1,35.93332033,-83.8768951
15,10/17/24,0,35.93344713,-83.87677882
15,10/17/24,0,35.93341037,-83.87675888
15,10/17/24,1,35.93339023,-83.87675858
15,10/17/24,0,35.93341185,-83.87672913
15,10/17/24,3,35.93335716,-83.87666677
15,10/17/24,1,35.93339542,-83.87675185
15,10/17/24,1,35.93335669,-83.87676828
15,10/17/24,1,35.93331541,-83.87675872
15,10/17/24,1,35.93333663,-83.87684875
15,10/17/24,2,35.9334002,-83.87682217
15,10/17/24,0,35.93333767,-83.87687665
15,10/17/24,0,35.93332768,-83.87698849
15,10/17/24,1,35.93334081,-83.87693918
15,10/17/24,0,35.93330883,-83.87684127
15,10/17/24,1,35.93340196,-83.87686221