survey_id,site_id,date
1,1,3/15/22
2,2,3/17/22
3,3,3/22/22
4,4,3/22/22
5,5,3/22/22
6,6,3/24/22
7,7,3/24/22
8,8,3/24/22
9,9,3/24/22
10,10,3/24/22
11,11,3/24/22
12,12,3/27/22
13,13,3/27/22
14,1,4/13/22
15,3,4/21/22
16,4,4/22/22
17,5,4/22/22
18,14,4/28/22
19,15,5/3/22
20,2,5/5/22
21,1,5/24/22
22,3,5/26/22
23,4,5/26/22
24,5,5/27/22
25,8,5/30/22
26,10,5/30/22
27,7,5/30/22
28,1,6/1/22
29,2,6/14/22
30,15,6/21/22
31,14,6/23/22
32,1,6/28/22
33,14,7/21/22
34,7,7/26/22
35,15,9/12/22
36,14,9/14/22
37,2,9/19/22
38,1,9/21/22
39,16,9/26/22
40,10,9/26/22
41,14,2/7/23
42,1,2/9/23
43,2,2/14/23
44,2,2/15/23
45,7,2/21/23
46,10,2/21/23
47,6,2/21/23
48,7,2/22/23
49,10,2/22/23
50,8,2/21/23
51,15,3/7/23
52,15,3/8/23
53,2,3/21/23
54,2,3/23/23
55,7,3/28/23
56,8,3/28/23
57,9,3/28/23
58,10,3/28/23
59,7,3/30/23
60,8,3/30/23
61,9,3/30/23
62,10,3/30/23
63,15,4/3/23
64,8,4/4/23
65,7,4/4/23
66,15,4/11/23
67,15,4/12/23
68,1,4/20/23
69,2,4/25/23
70,2,4/26/23
71,7,5/2/23
72,8,5/2/23
73,9,5/2/23
74,10,5/2/23
75,16,5/2/23
76,7,5/3/23
77,8,5/3/23
78,9,5/3/23
79,10,5/3/23
80,7,5/8/23
81,15,5/9/23
82,15,5/18/23
83,15,5/19/23
84,14,5/30/23
85,2,5/31/23
86,2,6/1/23
87,7,6/5/23
88,8,6/5/23
89,9,6/5/23
90,10,6/5/23
91,16,6/5/23
92,7,6/6/23
93,8,6/6/23
94,9,6/6/23
95,10,6/6/23
96,15,6/8/23
97,16,6/12/23
98,15,6/13/23
99,15,6/14/23
100,2,7/11/23
101,2,7/13/23
102,7,7/18/23
103,8,7/18/23
104,9,7/18/23
105,10,7/18/23
106,7,7/19/23
107,8,7/19/23
108,9,7/19/23
109,10,7/19/23
110,15,7/25/23
111,10,7/27/23
112,16,7/27/23
113,15,8/1/23
114,15,8/3/23
115,2,8/8/23
116,2,8/9/23
117,7,8/15/23
118,8,8/15/23
119,9,8/15/23
120,10,8/15/23
121,16,8/15/23
122,7,8/17/23
123,8,8/17/23
124,9,8/17/23
125,10,8/17/23
126,16,8/17/23
127,10,8/23/23
128,16,8/23/23
129,15,8/24/23
130,15,8/29/23
131,15,8/31/23
132,1,9/7/23
133,2,9/12/23
134,2,9/14/23
135,7,9/19/23
136,8,9/19/23
137,9,9/19/23
138,10,9/19/23
139,11,9/19/23
140,7,9/20/23
141,8,9/20/23
142,9,9/20/23
143,10,9/20/23
144,11,9/20/23
145,10,9/26/23
146,11,9/26/23
147,15,9/27/23
148,15,10/2/23
149,15,10/3/23
150,9,9/26/23
151,14,10/11/23
152,2,10/17/23
153,2,10/18/23
154,15,10/24/23
155,15,10/25/23
156,7,11/7/23
157,8,11/7/23
158,9,11/7/23
159,10,11/7/23
160,11,11/7/23
161,7,11/8/23
162,10,11/8/23
163,15,11/15/23
164,2,1/30/24
165,2,1/31/24
166,7,2/6/24
167,8,2/6/24
168,9,2/6/24
169,10,2/6/24
170,11,2/6/24
171,7,2/7/24
172,8,2/7/24
173,9,2/7/24
174,10,2/7/24
175,11,2/7/24
176,15,2/14/24
177,8,2/15/24
178,10,2/15/24
179,6,2/15/24
180,16,2/15/24
181,7,2/21/24
182,15,2/26/24
183,15,2/27/24
184,2,3/6/24
185,2,3/7/24
186,2,3/9/24
187,7,3/21/24
188,10,3/21/24
189,7,3/26/24
190,8,3/26/24
191,9,3/26/24
192,10,3/26/24
193,11,3/26/24
194,7,3/28/24
195,8,3/28/24
196,9,3/28/24
197,10,3/28/24
198,11,3/28/24
199,7,4/1/24
200,15,4/3/24
201,15,4/9/24
202,15,4/10/24
203,2,4/17/24
204,2,4/18/24
205,17,3/3/24
206,18,3/21/24
207,17,3/24/24
208,18,3/28/24
209,18,3/31/24
210,17,4/7/24
211,17,4/9/24
212,18,4/10/24
213,17,4/14/24
214,18,4/16/24
215,17,4/17/24
216,18,4/18/24
217,7,5/9/24
218,8,5/9/24
219,9,5/9/24
220,10,5/9/24
221,11,5/9/24
222,7,5/12/24
223,8,5/12/24
224,9,5/12/24
225,10,5/12/24
226,11,5/12/24
227,7,5/14/24
228,15,5/16/24
229,15,5/20/24
230,15,5/23/24
231,2,5/28/24
232,2,5/30/24
233,7,6/10/24
234,10,6/10/24
235,7,6/11/24
236,7,6/12/24
237,10,6/12/24
238,15,6/17/24
239,15,6/18/24
240,15,6/22/24
241,2,7/7/24
242,2,7/8/24
243,7,7/16/24
244,10,7/16/24
245,7,7/17/24
246,10,7/17/24
247,7,7/23/24
248,15,7/25/24
249,15,7/29/24
250,15,7/30/24
251,2,8/22/24
252,2,8/25/24
253,7,8/26/24
254,10,8/26/24
255,7,8/28/24
256,10,8/28/24
257,7,9/2/24
258,15,9/5/24
259,15,9/9/24
260,15,9/11/24
261,7,9/12/24
262,2,8/29/24
263,2,9/23/24
264,2,9/24/24
265,2,10/2/24
266,7,10/3/24
267,7,10/8/24
268,10,10/8/24
269,7,10/9/24
270,10,10/9/24
271,15,10/14/24
272,15,10/17/24
273,15,1/15/25